{
  "baseline_no_rl": {
    "locomo": {
      "overall": {
        "f1": 0.11161482591784799,
        "bleu1": 0.0756541298375057,
        "exact_match": 0.0022953328232593728,
        "n": 1307
      },
      "per_type": {
        "multi_hop": {
          "f1": 0.09926568492441246,
          "bleu1": 0.06524533015314657,
          "exact_match": 0.0,
          "n": 279
        },
        "open_domain": {
          "f1": 0.12122631921985165,
          "bleu1": 0.08134299399621744,
          "exact_match": 0.0028368794326241137,
          "n": 705
        },
        "single_hop": {
          "f1": 0.10483267778044189,
          "bleu1": 0.07656683639956936,
          "exact_match": 0.004201680672268907,
          "n": 238
        },
        "temporal": {
          "f1": 0.09142022375265085,
          "bleu1": 0.06007979711130867,
          "exact_match": 0.0,
          "n": 85
        }
      },
      "per_benchmark": {
        "locomo": {
          "f1": 0.11161482591784799,
          "bleu1": 0.0756541298375057,
          "exact_match": 0.0022953328232593728,
          "n": 1307
        }
      },
      "num_examples": 1307
    },
    "longmemeval": {
      "overall": {
        "f1": 0.11578407102856605,
        "bleu1": 0.08108198882981414,
        "exact_match": 0.0,
        "n": 415
      },
      "per_type": {
        "single-session-user": {
          "f1": 0.13408339279975984,
          "bleu1": 0.08663357703935476,
          "exact_match": 0.0,
          "n": 55
        },
        "temporal-reasoning": {
          "f1": 0.14874130895152665,
          "bleu1": 0.10620109357461983,
          "exact_match": 0.0,
          "n": 119
        },
        "knowledge-update": {
          "f1": 0.11656687779069308,
          "bleu1": 0.07836381629500035,
          "exact_match": 0.0,
          "n": 64
        },
        "multi-session": {
          "f1": 0.06641813755876627,
          "bleu1": 0.04903290281689415,
          "exact_match": 0.0,
          "n": 118
        },
        "single-session-assistant": {
          "f1": 0.10896310483955193,
          "bleu1": 0.06517890597072326,
          "exact_match": 0.0,
          "n": 39
        },
        "single-session-preference": {
          "f1": 0.1714202804177566,
          "bleu1": 0.1451552191848424,
          "exact_match": 0.0,
          "n": 20
        }
      },
      "per_benchmark": {
        "longmemeval": {
          "f1": 0.11578407102856605,
          "bleu1": 0.08108198882981414,
          "exact_match": 0.0,
          "n": 415
        }
      },
      "num_examples": 415
    }
  },
  "config_a_locomo_only": {
    "locomo": {
      "overall": {
        "f1": 0.12649445805310378,
        "bleu1": 0.09048403472210151,
        "exact_match": 0.006885998469778117,
        "n": 1307
      },
      "per_type": {
        "multi_hop": {
          "f1": 0.12346589503375235,
          "bleu1": 0.08823332492433796,
          "exact_match": 0.0,
          "n": 279
        },
        "open_domain": {
          "f1": 0.13448263646121278,
          "bleu1": 0.0945325799367693,
          "exact_match": 0.009929078014184398,
          "n": 705
        },
        "single_hop": {
          "f1": 0.11111002911556637,
          "bleu1": 0.08307333948470741,
          "exact_match": 0.004201680672268907,
          "n": 238
        },
        "temporal": {
          "f1": 0.11325678030975773,
          "bleu1": 0.08504249500133322,
          "exact_match": 0.011764705882352941,
          "n": 85
        }
      },
      "per_benchmark": {
        "locomo": {
          "f1": 0.12649445805310378,
          "bleu1": 0.09048403472210151,
          "exact_match": 0.006885998469778117,
          "n": 1307
        }
      },
      "num_examples": 1307
    },
    "longmemeval": {
      "overall": {
        "f1": 0.12363626573744739,
        "bleu1": 0.09024294839518725,
        "exact_match": 0.007228915662650603,
        "n": 415
      },
      "per_type": {
        "single-session-user": {
          "f1": 0.12704777937331876,
          "bleu1": 0.08131696883033782,
          "exact_match": 0.0,
          "n": 55
        },
        "temporal-reasoning": {
          "f1": 0.1725907400242961,
          "bleu1": 0.13207726863936572,
          "exact_match": 0.025210084033613446,
          "n": 119
        },
        "knowledge-update": {
          "f1": 0.1219601211246833,
          "bleu1": 0.08721679785939832,
          "exact_match": 0.0,
          "n": 64
        },
        "multi-session": {
          "f1": 0.06587391586648669,
          "bleu1": 0.04943946760187113,
          "exact_match": 0.0,
          "n": 118
        },
        "single-session-assistant": {
          "f1": 0.1378824782606364,
          "bleu1": 0.08782069729861716,
          "exact_match": 0.0,
          "n": 39
        },
        "single-session-preference": {
          "f1": 0.14135689381134475,
          "bleu1": 0.12102279477906086,
          "exact_match": 0.0,
          "n": 20
        }
      },
      "per_benchmark": {
        "longmemeval": {
          "f1": 0.12363626573744739,
          "bleu1": 0.09024294839518725,
          "exact_match": 0.007228915662650603,
          "n": 415
        }
      },
      "num_examples": 415
    }
  },
  "config_b_mixed": {
    "locomo": {
      "overall": {
        "f1": 0.11326230997143742,
        "bleu1": 0.08096160785814245,
        "exact_match": 0.009946442234123947,
        "n": 1307
      },
      "per_type": {
        "multi_hop": {
          "f1": 0.08039963155108495,
          "bleu1": 0.056548966405601316,
          "exact_match": 0.0035842293906810036,
          "n": 279
        },
        "open_domain": {
          "f1": 0.1279651253407482,
          "bleu1": 0.08994774446600969,
          "exact_match": 0.01276595744680851,
          "n": 705
        },
        "single_hop": {
          "f1": 0.10726052354482603,
          "bleu1": 0.0806351402994022,
          "exact_match": 0.004201680672268907,
          "n": 238
        },
        "temporal": {
          "f1": 0.1159873407178768,
          "bleu1": 0.08747454827805638,
          "exact_match": 0.023529411764705882,
          "n": 85
        }
      },
      "per_benchmark": {
        "locomo": {
          "f1": 0.11326230997143742,
          "bleu1": 0.08096160785814245,
          "exact_match": 0.009946442234123947,
          "n": 1307
        }
      },
      "num_examples": 1307
    },
    "longmemeval": {
      "overall": {
        "f1": 0.1244915467927147,
        "bleu1": 0.08936902391123797,
        "exact_match": 0.0,
        "n": 415
      },
      "per_type": {
        "single-session-user": {
          "f1": 0.1435251686160155,
          "bleu1": 0.09408485279340469,
          "exact_match": 0.0,
          "n": 55
        },
        "temporal-reasoning": {
          "f1": 0.18301606813122237,
          "bleu1": 0.1368208781677938,
          "exact_match": 0.0,
          "n": 119
        },
        "knowledge-update": {
          "f1": 0.10675218515006717,
          "bleu1": 0.07457500862403878,
          "exact_match": 0.0,
          "n": 64
        },
        "multi-session": {
          "f1": 0.061422737906458226,
          "bleu1": 0.04375358206209045,
          "exact_match": 0.0,
          "n": 118
        },
        "single-session-assistant": {
          "f1": 0.11738028462782069,
          "bleu1": 0.07457995633501513,
          "exact_match": 0.0,
          "n": 39
        },
        "single-session-preference": {
          "f1": 0.16666707572144412,
          "bleu1": 0.13937259926141227,
          "exact_match": 0.0,
          "n": 20
        }
      },
      "per_benchmark": {
        "longmemeval": {
          "f1": 0.1244915467927147,
          "bleu1": 0.08936902391123797,
          "exact_match": 0.0,
          "n": 415
        }
      },
      "num_examples": 415
    }
  },
  "config_c_longmemeval_only": {
    "locomo": {
      "overall": {
        "f1": 0.1124688061902924,