{
  "baseline_no_rl": {
    "locomo": {
      "overall": {
        "f1": 0.11940406751269918,
        "bleu1": 0.08158044346645577,
        "exact_match": 0.0022953328232593728,
        "n": 1307
      },
      "per_type": {
        "multi_hop": {
          "f1": 0.06601361214226754,
          "bleu1": 0.043019200573060995,
          "exact_match": 0.0,
          "n": 279
        },
        "open_domain": {
          "f1": 0.13978073639279007,
          "bleu1": 0.09346768567877908,
          "exact_match": 0.0028368794326241137,
          "n": 705
        },
        "single_hop": {
          "f1": 0.1264282163822296,
          "bleu1": 0.09353972438610553,
          "exact_match": 0.004201680672268907,
          "n": 238
        },
        "temporal": {
          "f1": 0.10597627994726373,
          "bleu1": 0.07607188050989504,
          "exact_match": 0.0,
          "n": 85
        }
      },
      "per_benchmark": {
        "locomo": {
          "f1": 0.11940406751269918,
          "bleu1": 0.08158044346645577,
          "exact_match": 0.0022953328232593728,
          "n": 1307
        }
      },
      "num_examples": 1307
    },
    "longmemeval": {
      "overall": {
        "f1": 0.13132745732415932,
        "bleu1": 0.09109220464148605,
        "exact_match": 0.0024096385542168677,
        "n": 415
      },
      "per_type": {
        "single-session-user": {
          "f1": 0.14140233867172003,
          "bleu1": 0.08951634550842537,
          "exact_match": 0.0,
          "n": 55
        },
        "temporal-reasoning": {
          "f1": 0.17233909489760935,
          "bleu1": 0.11772957648865442,
          "exact_match": 0.0,
          "n": 119
        },
        "knowledge-update": {
          "f1": 0.12154380542717436,
          "bleu1": 0.0810029388878169,
          "exact_match": 0.0,
          "n": 64
        },
        "multi-session": {
          "f1": 0.06949206142382673,
          "bleu1": 0.05126672736315054,
          "exact_match": 0.0,
          "n": 118
        },
        "single-session-assistant": {
          "f1": 0.17095035230841865,
          "bleu1": 0.1165651621759632,
          "exact_match": 0.02564102564102564,
          "n": 39
        },
        "single-session-preference": {
          "f1": 0.17847416671934863,
          "bleu1": 0.15451715392843965,
          "exact_match": 0.0,
          "n": 20
        }
      },
      "per_benchmark": {
        "longmemeval": {
          "f1": 0.13132745732415932,
          "bleu1": 0.09109220464148605,
          "exact_match": 0.0024096385542168677,
          "n": 415
        }
      },
      "num_examples": 415
    }
  },
  "config_a_aa_only": {
    "locomo": {
      "overall": {
        "f1": 0.12483714710827735,
        "bleu1": 0.0855776201736503,
        "exact_match": 0.0007651109410864575,
        "n": 1307
      },
      "per_type": {
        "multi_hop": {
          "f1": 0.07687633474471771,
          "bleu1": 0.050961759732689425,
          "exact_match": 0.0,
          "n": 279
        },
        "open_domain": {
          "f1": 0.14561041207829548,
          "bleu1": 0.09796209760121918,
          "exact_match": 0.0014184397163120568,
          "n": 705
        },
        "single_hop": {
          "f1": 0.12554502024991102,
          "bleu1": 0.09236197285519593,
          "exact_match": 0.0,
          "n": 238
        },
        "temporal": {
          "f1": 0.10798351225958537,
          "bleu1": 0.07748459121345998,
          "exact_match": 0.0,
          "n": 85
        }
      },
      "per_benchmark": {
        "locomo": {
          "f1": 0.12483714710827735,
          "bleu1": 0.0855776201736503,
          "exact_match": 0.0007651109410864575,
          "n": 1307
        }
      },
      "num_examples": 1307
    },
    "longmemeval": {
      "overall": {
        "f1": 0.13006054851704998,
        "bleu1": 0.09092964645513238,
        "exact_match": 0.0,
        "n": 415
      },
      "per_type": {
        "single-session-user": {
          "f1": 0.15737357910600105,
          "bleu1": 0.10050438234637615,
          "exact_match": 0.0,
          "n": 55
        },
        "temporal-reasoning": {
          "f1": 0.16698636323867433,
          "bleu1": 0.11791128540364847,
          "exact_match": 0.0,
          "n": 119
        },
        "knowledge-update": {
          "f1": 0.1251835920580305,
          "bleu1": 0.08670846827481081,
          "exact_match": 0.0,
          "n": 64
        },
        "multi-session": {
          "f1": 0.07028568410258818,
          "bleu1": 0.05043036214764911,
          "exact_match": 0.0,
          "n": 118
        },
        "single-session-assistant": {
          "f1": 0.1455178631687605,
          "bleu1": 0.09506131657953522,
          "exact_match": 0.0,
          "n": 39
        },
        "single-session-preference": {
          "f1": 0.1733773139471211,
          "bleu1": 0.148455161859134,
          "exact_match": 0.0,
          "n": 20
        }
      },
      "per_benchmark": {
        "longmemeval": {
          "f1": 0.13006054851704998,
          "bleu1": 0.09092964645513238,
          "exact_match": 0.0,
          "n": 415
        }
      },
      "num_examples": 415
    }
  },
  "config_b_aa_only": {
    "locomo": {
      "overall": {
        "f1": 0.12317480402625104,
        "bleu1": 0.08403412288522692,
        "exact_match": 0.0022953328232593728,
        "n": 1307
      },
      "per_type": {
        "multi_hop": {
          "f1": 0.07295820578528062,
          "bleu1": 0.04686962938067457,
          "exact_match": 0.0,
          "n": 279
        },
        "open_domain": {
          "f1": 0.143355761689048,
          "bleu1": 0.09612164671221594,
          "exact_match": 0.0028368794326241137,
          "n": 705
        },
        "single_hop": {
          "f1": 0.1275746445646649,
          "bleu1": 0.0947056980443841,
          "exact_match": 0.004201680672268907,
          "n": 238
        },
        "temporal": {
          "f1": 0.10830061236526449,
          "bleu1": 0.07588535231891277,
          "exact_match": 0.0,
          "n": 85
        }
      },
      "per_benchmark": {
        "locomo": {
          "f1": 0.12317480402625104,
          "bleu1": 0.08403412288522692,
          "exact_match": 0.0022953328232593728,
          "n": 1307
        }
      },
      "num_examples": 1307
    },
    "longmemeval": {
      "overall": {
        "f1": 0.13319025590016037,
        "bleu1": 0.09319866303469113,
        "exact_match": 0.0024096385542168677,
        "n": 415
      },
      "per_type": {
        "single-session-user": {
          "f1": 0.15795757626023388,
          "bleu1": 0.10198607355498851,
          "exact_match": 0.0,
          "n": 55
        },
        "temporal-reasoning": {
          "f1": 0.16955444527285474,
          "bleu1": 0.12183323020821192,
          "exact_match": 0.008403361344537815,
          "n": 119
        },
        "knowledge-update": {
          "f1": 0.12571215972239633,
          "bleu1": 0.085019908773384,
          "exact_match": 0.0,
          "n": 64
        },
        "multi-session": {
          "f1": 0.07527219668145324,
          "bleu1": 0.05417000495641248,
          "exact_match": 0.0,
          "n": 118
        },
        "single-session-assistant": {
          "f1": 0.15356664608673531,
          "bleu1": 0.09914469254070528,
          "exact_match": 0.0,
          "n": 39
        },
        "single-session-preference": {
          "f1": 0.17462569443782178,
          "bleu1": 0.143503948182722,
          "exact_match": 0.0,
          "n": 20
        }
      },
      "per_benchmark": {
        "longmemeval": {
          "f1": 0.13319025590016037,
          "bleu1": 0.09319866303469113,
          "exact_match": 0.0024096385542168677,
          "n": 415
        }
      },
      "num_examples": 415
    }
  },
  "config_c_aa_only": {
    "locomo": {
      "overall": {
        "f1": 0.11937111142381741,
        "bleu1": 0.0811407123395016,